[
  {
    "model": "golf_contest.golfer",
    "pk": 1,
    "fields": {
      "name": "Tiger Woods",
      "tournament_position": "1",
      "score_to_par": -18,
      "tournament": 1,
      "rd_one_tee_time": null,
      "rd_one_strokes": 0,
      "rd_two_tee_time": null,
      "rd_two_strokes": 0,
      "rd_three_tee_time": null,
      "rd_three_strokes": 0,
      "rd_four_tee_time": null,
      "rd_four_strokes": 0
    }
  },
  {
    "model": "golf_contest.golfer",
    "pk": 2,
    "fields": {
      "name": "Tom Kite",
      "tournament_position": "2",
      "score_to_par": -6,
      "tournament": 1,
      "rd_one_tee_time": null,
      "rd_one_strokes": 0,
      "rd_two_tee_time": null,
      "rd_two_strokes": 0,
      "rd_three_tee_time": null,
      "rd_three_strokes": 0,
      "rd_four_tee_time": null,
      "rd_four_strokes": 0
    }
  },
  {
    "model": "golf_contest.golfer",
    "pk": 3,
    "fields": {
      "name": "Tommy Tolles",
      "tournament_position": "3",
      "score_to_par": -5,
      "tournament": 1,
      "rd_one_tee_time": null,
      "rd_one_strokes": 0,
      "rd_two_tee_time": null,
      "rd_two_strokes": 0,
      "rd_three_tee_time": null,
      "rd_three_strokes": 0,
      "rd_four_tee_time": null,
      "rd_four_strokes": 0
    }
  },
  {
    "model": "golf_contest.golfer",
    "pk": 4,
    "fields": {
      "name": "Tom Watson",
      "tournament_position": "4",
      "score_to_par": -4,
      "tournament": 1,
      "rd_one_tee_time": null,
      "rd_one_strokes": 0,
      "rd_two_tee_time": null,
      "rd_two_strokes": 0,
      "rd_three_tee_time": null,
      "rd_three_strokes": 0,
      "rd_four_tee_time": null,
      "rd_four_strokes": 0
    }
  },
  {
    "model": "golf_contest.golfer",
    "pk": 5,
    "fields": {
      "name": "Costantino Rocca",
      "tournament_position": "5",
      "score_to_par": -3,
      "tournament": 1,
      "rd_one_tee_time": null,
      "rd_one_strokes": 0,
      "rd_two_tee_time": null,
      "rd_two_strokes": 0,
      "rd_three_tee_time": null,
      "rd_three_strokes": 0,
      "rd_four_tee_time": null,
      "rd_four_strokes": 0
    }
  },
  {
    "model": "golf_contest.golfer",
    "pk": 6,
    "fields": {
      "name": "Paul Stankowski",
      "tournament_position": "5",
      "score_to_par": -3,
      "tournament": 1,
      "rd_one_tee_time": null,
      "rd_one_strokes": 0,
      "rd_two_tee_time": null,
      "rd_two_strokes": 0,
      "rd_three_tee_time": null,
      "rd_three_strokes": 0,
      "rd_four_tee_time": null,
      "rd_four_strokes": 0
    }
  },
  {
    "model": "golf_contest.golfer",
    "pk": 7,
    "fields": {
      "name": "Fred Couples",
      "tournament_position": "7",
      "score_to_par": -2,
      "tournament": 1,
      "rd_one_tee_time": null,
      "rd_one_strokes": 0,
      "rd_two_tee_time": null,
      "rd_two_strokes": 0,
      "rd_three_tee_time": null,
      "rd_three_strokes": 0,
      "rd_four_tee_time": null,
      "rd_four_strokes": 0
    }
  },
  {
    "model": "golf_contest.golfer",
    "pk": 8,
    "fields": {
      "name": "Bernhard Langer",
      "tournament_position": "7",
      "score_to_par": -2,
      "tournament": 1,
      "rd_one_tee_time": null,
      "rd_one_strokes": 0,
      "rd_two_tee_time": null,
      "rd_two_strokes": 0,
      "rd_three_tee_time": null,
      "rd_three_strokes": 0,
      "rd_four_tee_time": null,
      "rd_four_strokes": 0
    }
  },
  {
    "model": "golf_contest.golfer",
    "pk": 9,
    "fields": {
      "name": "Justin Leonard",
      "tournament_position": "7",
      "score_to_par": -2,
      "tournament": 1,
      "rd_one_tee_time": null,
      "rd_one_strokes": 0,
      "rd_two_tee_time": null,
      "rd_two_strokes": 0,
      "rd_three_tee_time": null,
      "rd_three_strokes": 0,
      "rd_four_tee_time": null,
      "rd_four_strokes": 0
    }
  },
  {
    "model": "golf_contest.golfer",
    "pk": 10,
    "fields": {
      "name": "Davis Love III",
      "tournament_position": "7",
      "score_to_par": -2,
      "tournament": 1,
      "rd_one_tee_time": null,
      "rd_one_strokes": 0,
      "rd_two_tee_time": null,
      "rd_two_strokes": 0,
      "rd_three_tee_time": null,
      "rd_three_strokes": 0,
      "rd_four_tee_time": null,
      "rd_four_strokes": 0
    }
  },
  {
    "model": "golf_contest.golfer",
    "pk": 11,
    "fields": {
      "name": "Jeff Sluman",
      "tournament_position": "7",
      "score_to_par": -2,
      "tournament": 1,
      "rd_one_tee_time": null,
      "rd_one_strokes": 0,
      "rd_two_tee_time": null,
      "rd_two_strokes": 0,
      "rd_three_tee_time": null,
      "rd_three_strokes": 0,
      "rd_four_tee_time": null,
      "rd_four_strokes": 0
    }
  },
  {
    "model": "golf_contest.golfer",
    "pk": 322,
    "fields": {
      "name": "Jon Rahm",
      "tournament_position": "1",
      "score_to_par": -12,
      "tournament": 2,
      "rd_one_tee_time": null,
      "rd_one_strokes": 65,
      "rd_two_tee_time": null,
      "rd_two_strokes": 69,
      "rd_three_tee_time": null,
      "rd_three_strokes": 73,
      "rd_four_tee_time": null,
      "rd_four_strokes": 69
    }
  },
  {
    "model": "golf_contest.golfer",
    "pk": 323,
    "fields": {
      "name": "Phil Mickelson",
      "tournament_position": "T2",
      "score_to_par": -8,
      "tournament": 2,
      "rd_one_tee_time": null,
      "rd_one_strokes": 71,
      "rd_two_tee_time": null,
      "rd_two_strokes": 69,
      "rd_three_tee_time": null,
      "rd_three_strokes": 75,
      "rd_four_tee_time": null,
      "rd_four_strokes": 65
    }
  },
  {
    "model": "golf_contest.golfer",
    "pk": 324,
    "fields": {
      "name": "Brooks Koepka",
      "tournament_position": "T2",
      "score_to_par": -8,
      "tournament": 2,
      "rd_one_tee_time": null,
      "rd_one_strokes": 65,
      "rd_two_tee_time": null,
      "rd_two_strokes": 67,
      "rd_three_tee_time": null,
      "rd_three_strokes": 73,
      "rd_four_tee_time": null,
      "rd_four_strokes": 75
    }
  },
  {
    "model": "golf_contest.golfer",
    "pk": 325,
    "fields": {
      "name": "Jordan Spieth",
      "tournament_position": "T4",
      "score_to_par": -7,
      "tournament": 2,
      "rd_one_tee_time": null,
      "rd_one_strokes": 69,
      "rd_two_tee_time": null,
      "rd_two_strokes": 70,
      "rd_three_tee_time": null,
      "rd_three_strokes": 76,
      "rd_four_tee_time": null,
      "rd_four_strokes": 66
    }
  },
  {
    "model": "golf_contest.golfer",
    "pk": 326,
    "fields": {
      "name": "Patrick Reed",
      "tournament_position": "T4",
      "score_to_par": -7,
      "tournament": 2,
      "rd_one_tee_time": null,
      "rd_one_strokes": 71,
      "rd_two_tee_time": null,
      "rd_two_strokes": 70,
      "rd_three_tee_time": null,
      "rd_three_strokes": 72,
      "rd_four_tee_time": null,
      "rd_four_strokes": 68
    }
  },
  {
    "model": "golf_contest.golfer",
    "pk": 327,
    "fields": {
      "name": "Russell Henley",
      "tournament_position": "T4",
      "score_to_par": -7,
      "tournament": 2,
      "rd_one_tee_time": null,
      "rd_one_strokes": 73,
      "rd_two_tee_time": null,
      "rd_two_strokes": 67,
      "rd_three_tee_time": null,
      "rd_three_strokes": 71,
      "rd_four_tee_time": null,
      "rd_four_strokes": 70
    }
  },
  {
    "model": "golf_contest.golfer",
    "pk": 328,
    "fields": {
      "name": "Cameron Young",
      "tournament_position": "T7",
      "score_to_par": -6,
      "tournament": 2,
      "rd_one_tee_time": null,
      "rd_one_strokes": 67,
      "rd_two_tee_time": null,
      "rd_two_strokes": 72,
      "rd_three_tee_time": null,
      "rd_three_strokes": 75,
      "rd_four_tee_time": null,
      "rd_four_strokes": 68
    }
  },
  {
    "model": "golf_contest.golfer",
    "pk": 329,
    "fields": {
      "name": "Viktor Hovland",
      "tournament_position": "T7",
      "score_to_par": -6,
      "tournament": 2,
      "rd_one_tee_time": null,
      "rd_one_strokes": 65,
      "rd_two_tee_time": null,
      "rd_two_strokes": 73,
      "rd_three_tee_time": null,
      "rd_three_strokes": 70,
      "rd_four_tee_time": null,
      "rd_four_strokes": 74
    }
  },
  {
    "model": "golf_contest.golfer",
    "pk": 330,
    "fields": {
      "name": "Sahith Theegala",
      "tournament_position": "9",
      "score_to_par": -5,
      "tournament": 2,
      "rd_one_tee_time": null,
      "rd_one_strokes": 73,
      "rd_two_tee_time": null,
      "rd_two_strokes": 70,
      "rd_three_tee_time": null,
      "rd_three_strokes": 73,
      "rd_four_tee_time": null,
      "rd_four_strokes": 67
    }
  },
  {
    "model": "golf_contest.golfer",
    "pk": 331,
    "fields": {
      "name": "Matt Fitzpatrick",
      "tournament_position": "T10",
      "score_to_par": -4,
      "tournament": 2,
      "rd_one_tee_time": null,
      "rd_one_strokes": 70,
      "rd_two_tee_time": null,
      "rd_two_strokes": 72,
      "rd_three_tee_time": null,
      "rd_three_strokes": 72,
      "rd_four_tee_time": null,
      "rd_four_strokes": 70
    }
  },
  {
    "model": "golf_contest.golfer",
    "pk": 332,
    "fields": {
      "name": "Scottie Scheffler",
      "tournament_position": "T10",
      "score_to_par": -4,
      "tournament": 2,
      "rd_one_tee_time": null,
      "rd_one_strokes": 68,
      "rd_two_tee_time": null,
      "rd_two_strokes": 75,
      "rd_three_tee_time": null,
      "rd_three_strokes": 71,
      "rd_four_tee_time": null,
      "rd_four_strokes": 70
    }
  },
  {
    "model": "golf_contest.golfer",
    "pk": 333,
    "fields": {
      "name": "Xander Schauffele",
      "tournament_position": "T10",
      "score_to_par": -4,
      "tournament": 2,
      "rd_one_tee_time": null,
      "rd_one_strokes": 68,
      "rd_two_tee_time": null,
      "rd_two_strokes": 74,
      "rd_three_tee_time": null,
      "rd_three_strokes": 71,
      "rd_four_tee_time": null,
      "rd_four_strokes": 71
    }
  },
  {
    "model": "golf_contest.golfer",
    "pk": 334,
    "fields": {
      "name": "Collin Morikawa",
      "tournament_position": "T10",
      "score_to_par": -4,
      "tournament": 2,
      "rd_one_tee_time": null,
      "rd_one_strokes": 69,
      "rd_two_tee_time": null,
      "rd_two_strokes": 69,
      "rd_three_tee_time": null,
      "rd_three_strokes": 74,
      "rd_four_tee_time": null,
      "rd_four_strokes": 72
    }
  },
  {
    "model": "golf_contest.golfer",
    "pk": 335,
    "fields": {
      "name": "Gary Woodland",
      "tournament_position": "T14",
      "score_to_par": -3,
      "tournament": 2,
      "rd_one_tee_time": null,
      "rd_one_strokes": 68,
      "rd_two_tee_time": null,
      "rd_two_strokes": 72,
      "rd_three_tee_time": null,
      "rd_three_strokes": 73,
      "rd_four_tee_time": null,
      "rd_four_strokes": 72
    }
  },
  {
    "model": "golf_contest.golfer",
    "pk": 336,
    "fields": {
      "name": "Patrick Cantlay",
      "tournament_position": "T14",
      "score_to_par": -3,
      "tournament": 2,
      "rd_one_tee_time": null,
      "rd_one_strokes": 71,
      "rd_two_tee_time": null,
      "rd_two_strokes": 71,
      "rd_three_tee_time": null,
      "rd_three_strokes": 68,
      "rd_four_tee_time": null,
      "rd_four_strokes": 75
    }
  },
  {
    "model": "golf_contest.golfer",
    "pk": 337,
    "fields": {
      "name": "Tom Kim",
      "tournament_position": "T16",
      "score_to_par": -2,
      "tournament": 2,
      "rd_one_tee_time": null,
      "rd_one_strokes": 70,
      "rd_two_tee_time": null,
      "rd_two_strokes": 72,
      "rd_three_tee_time": null,
      "rd_three_strokes": 74,
      "rd_four_tee_time": null,
      "rd_four_strokes": 70
    }
  },
  {
    "model": "golf_contest.golfer",
    "pk": 338,
    "fields": {
      "name": "Sungjae Im",
      "tournament_position": "T16",
      "score_to_par": -2,
      "tournament": 2,
      "rd_one_tee_time": null,
      "rd_one_strokes": 71,
      "rd_two_tee_time": null,
      "rd_two_strokes": 76,
      "rd_three_tee_time": null,
      "rd_three_strokes": 67,
      "rd_four_tee_time": null,
      "rd_four_strokes": 72
    }
  },
  {
    "model": "golf_contest.golfer",
    "pk": 339,
    "fields": {
      "name": "Joaquin Niemann",
      "tournament_position": "T16",
      "score_to_par": -2,
      "tournament": 2,
      "rd_one_tee_time": null,
      "rd_one_strokes": 71,
      "rd_two_tee_time": null,
      "rd_two_strokes": 69,
      "rd_three_tee_time": null,
      "rd_three_strokes": 74,
      "rd_four_tee_time": null,
      "rd_four_strokes": 72
    }
  },
  {
    "model": "golf_contest.golfer",
    "pk": 340,
    "fields": {
      "name": "Shane Lowry",
      "tournament_position": "T16",
      "score_to_par": -2,
      "tournament": 2,
      "rd_one_tee_time": null,
      "rd_one_strokes": 68,
      "rd_two_tee_time": null,
      "rd_two_strokes": 72,
      "rd_three_tee_time": null,
      "rd_three_strokes": 73,
      "rd_four_tee_time": null,
      "rd_four_strokes": 73
    }
  },
  {
    "model": "golf_contest.golfer",
    "pk": 341,
    "fields": {
      "name": "Justin Rose",
      "tournament_position": "T16",
      "score_to_par": -2,
      "tournament": 2,
      "rd_one_tee_time": null,
      "rd_one_strokes": 69,
      "rd_two_tee_time": null,
      "rd_two_strokes": 71,
      "rd_three_tee_time": null,
      "rd_three_strokes": 73,
      "rd_four_tee_time": null,
      "rd_four_strokes": 73
    }
  },
  {
    "model": "golf_contest.golfer",
    "pk": 342,
    "fields": {
      "name": "Sam Bennett (a)",
      "tournament_position": "T16",
      "score_to_par": -2,
      "tournament": 2,
      "rd_one_tee_time": null,
      "rd_one_strokes": 68,
      "rd_two_tee_time": null,
      "rd_two_strokes": 68,
      "rd_three_tee_time": null,
      "rd_three_strokes": 76,
      "rd_four_tee_time": null,
      "rd_four_strokes": 74
    }
  },
  {
    "model": "golf_contest.golfer",
    "pk": 343,
    "fields": {
      "name": "Hideki Matsuyama",
      "tournament_position": "T16",
      "score_to_par": -2,
      "tournament": 2,
      "rd_one_tee_time": null,
      "rd_one_strokes": 71,
      "rd_two_tee_time": null,
      "rd_two_strokes": 70,
      "rd_three_tee_time": null,
      "rd_three_strokes": 70,
      "rd_four_tee_time": null,
      "rd_four_strokes": 75
    }
  },
  {
    "model": "golf_contest.golfer",
    "pk": 344,
    "fields": {
      "name": "Keegan Bradley",
      "tournament_position": "T23",
      "score_to_par": -1,
      "tournament": 2,
      "rd_one_tee_time": null,
      "rd_one_strokes": 70,
      "rd_two_tee_time": null,
      "rd_two_strokes": 72,
      "rd_three_tee_time": null,
      "rd_three_strokes": 74,
      "rd_four_tee_time": null,
      "rd_four_strokes": 71
    }
  },
  {
    "model": "golf_contest.golfer",
    "pk": 345,
    "fields": {
      "name": "Chris Kirk",
      "tournament_position": "T23",
      "score_to_par": -1,
      "tournament": 2,
      "rd_one_tee_time": null,
      "rd_one_strokes": 70,
      "rd_two_tee_time": null,
      "rd_two_strokes": 74,
      "rd_three_tee_time": null,
      "rd_three_strokes": 72,
      "rd_four_tee_time": null,
      "rd_four_strokes": 71
    }
  },
  {
    "model": "golf_contest.golfer",
    "pk": 346,
    "fields": {
      "name": "K.H. Lee",
      "tournament_position": "T23",
      "score_to_par": -1,
      "tournament": 2,
      "rd_one_tee_time": null,
      "rd_one_strokes": 74,
      "rd_two_tee_time": null,
      "rd_two_strokes": 67,
      "rd_three_tee_time": null,
      "rd_three_strokes": 74,
      "rd_four_tee_time": null,
      "rd_four_strokes": 72
    }
  },
  {
    "model": "golf_contest.golfer",
    "pk": 347,
    "fields": {
      "name": "Tony Finau",
      "tournament_position": "T26",
      "score_to_par": 0,
      "tournament": 2,
      "rd_one_tee_time": null,
      "rd_one_strokes": 69,
      "rd_two_tee_time": null,
      "rd_two_strokes": 74,
      "rd_three_tee_time": null,
      "rd_three_strokes": 73,
      "rd_four_tee_time": null,
      "rd_four_strokes": 72
    }
  },
  {
    "model": "golf_contest.golfer",
    "pk": 348,
    "fields": {
      "name": "Scott Stallings",
      "tournament_position": "T26",
      "score_to_par": 0,
      "tournament": 2,
      "rd_one_tee_time": null,
      "rd_one_strokes": 70,
      "rd_two_tee_time": null,
      "rd_two_strokes": 77,
      "rd_three_tee_time": null,
      "rd_three_strokes": 69,
      "rd_four_tee_time": null,
      "rd_four_strokes": 72
    }
  },
  {
    "model": "golf_contest.golfer",
    "pk": 349,
    "fields": {
      "name": "Ryan Fox",
      "tournament_position": "T26",
      "score_to_par": 0,
      "tournament": 2,
      "rd_one_tee_time": null,
      "rd_one_strokes": 70,
      "rd_two_tee_time": null,
      "rd_two_strokes": 71,
      "rd_three_tee_time": null,
      "rd_three_strokes": 74,
      "rd_four_tee_time": null,
      "rd_four_strokes": 73
    }
  },
  {
    "model": "golf_contest.golfer",
    "pk": 350,
    "fields": {
      "name": "Si Woo Kim",
      "tournament_position": "T29",
      "score_to_par": 1,
      "tournament": 2,
      "rd_one_tee_time": null,
      "rd_one_strokes": 73,
      "rd_two_tee_time": null,
      "rd_two_strokes": 72,
      "rd_three_tee_time": null,
      "rd_three_strokes": 72,
      "rd_four_tee_time": null,
      "rd_four_strokes": 72
    }
  },
  {
    "model": "golf_contest.golfer",
    "pk": 351,
    "fields": {
      "name": "Sam Burns",
      "tournament_position": "T29",
      "score_to_par": 1,
      "tournament": 2,
      "rd_one_tee_time": null,
      "rd_one_strokes": 68,
      "rd_two_tee_time": null,
      "rd_two_strokes": 71,
      "rd_three_tee_time": null,
      "rd_three_strokes": 78,
      "rd_four_tee_time": null,
      "rd_four_strokes": 72
    }
  },
  {
    "model": "golf_contest.golfer",
    "pk": 352,
    "fields": {
      "name": "Harold Varner III",
      "tournament_position": "T29",
      "score_to_par": 1,
      "tournament": 2,
      "rd_one_tee_time": null,
      "rd_one_strokes": 72,
      "rd_two_tee_time": null,
      "rd_two_strokes": 71,
      "rd_three_tee_time": null,
      "rd_three_strokes": 76,
      "rd_four_tee_time": null,
      "rd_four_strokes": 70
    }
  },
  {
    "model": "golf_contest.golfer",
    "pk": 353,
    "fields": {
      "name": "Mackenzie Hughes",
      "tournament_position": "T29",
      "score_to_par": 1,
      "tournament": 2,
      "rd_one_tee_time": null,
      "rd_one_strokes": 76,
      "rd_two_tee_time": null,
      "rd_two_strokes": 69,
      "rd_three_tee_time": null,
      "rd_three_strokes": 74,
      "rd_four_tee_time": null,
      "rd_four_strokes": 70
    }
  },
  {
    "model": "golf_contest.golfer",
    "pk": 354,
    "fields": {
      "name": "Tommy Fleetwood",
      "tournament_position": "33",
      "score_to_par": 3,
      "tournament": 2,
      "rd_one_tee_time": null,
      "rd_one_strokes": 72,
      "rd_two_tee_time": null,
      "rd_two_strokes": 71,
      "rd_three_tee_time": null,
      "rd_three_strokes": 74,
      "rd_four_tee_time": null,
      "rd_four_strokes": 74
    }
  },
  {
    "model": "golf_contest.golfer",
    "pk": 355,
    "fields": {
      "name": "Tyrrell Hatton",
      "tournament_position": "T34",
      "score_to_par": 4,
      "tournament": 2,
      "rd_one_tee_time": null,
      "rd_one_strokes": 71,
      "rd_two_tee_time": null,
      "rd_two_strokes": 73,
      "rd_three_tee_time": null,
      "rd_three_strokes": 72,
      "rd_four_tee_time": null,
      "rd_four_strokes": 76
    }
  },
  {
    "model": "golf_contest.golfer",
    "pk": 356,
    "fields": {
      "name": "Cameron Smith",
      "tournament_position": "T34",
      "score_to_par": 4,
      "tournament": 2,
      "rd_one_tee_time": null,
      "rd_one_strokes": 70,
      "rd_two_tee_time": null,
      "rd_two_strokes": 72,
      "rd_three_tee_time": null,
      "rd_three_strokes": 75,
      "rd_four_tee_time": null,
      "rd_four_strokes": 75
    }
  },
  {
    "model": "golf_contest.golfer",
    "pk": 357,
    "fields": {
      "name": "Zach Johnson",
      "tournament_position": "T34",
      "score_to_par": 4,
      "tournament": 2,
      "rd_one_tee_time": null,
      "rd_one_strokes": 75,
      "rd_two_tee_time": null,
      "rd_two_strokes": 70,
      "rd_three_tee_time": null,
      "rd_three_strokes": 74,
      "rd_four_tee_time": null,
      "rd_four_strokes": 73
    }
  },
  {
    "model": "golf_contest.golfer",
    "pk": 358,
    "fields": {
      "name": "Talor Gooch",
      "tournament_position": "T34",
      "score_to_par": 4,
      "tournament": 2,
      "rd_one_tee_time": null,
      "rd_one_strokes": 72,
      "rd_two_tee_time": null,
      "rd_two_strokes": 74,
      "rd_three_tee_time": null,
      "rd_three_strokes": 73,
      "rd_four_tee_time": null,
      "rd_four_strokes": 73
    }
  },
  {
    "model": "golf_contest.golfer",
    "pk": 359,
    "fields": {
      "name": "J.T. Poston",
      "tournament_position": "T34",
      "score_to_par": 4,
      "tournament": 2,
      "rd_one_tee_time": null,
      "rd_one_strokes": 74,
      "rd_two_tee_time": null,
      "rd_two_strokes": 72,
      "rd_three_tee_time": null,
      "rd_three_strokes": 76,
      "rd_four_tee_time": null,
      "rd_four_strokes": 70
    }
  },
  {
    "model": "golf_contest.golfer",
    "pk": 360,
    "fields": {
      "name": "Taylor Moore",
      "tournament_position": "T39",
      "score_to_par": 5,
      "tournament": 2,
      "rd_one_tee_time": null,
      "rd_one_strokes": 73,
      "rd_two_tee_time": null,
      "rd_two_strokes": 72,
      "rd_three_tee_time": null,
      "rd_three_strokes": 70,
      "rd_four_tee_time": null,
      "rd_four_strokes": 78
    }
  },
  {
    "model": "golf_contest.golfer",
    "pk": 361,
    "fields": {
      "name": "Abraham Ancer",
      "tournament_position": "T39",
      "score_to_par": 5,
      "tournament": 2,
      "rd_one_tee_time": null,
      "rd_one_strokes": 72,
      "rd_two_tee_time": null,
      "rd_two_strokes": 71,
      "rd_three_tee_time": null,
      "rd_three_strokes": 74,
      "rd_four_tee_time": null,
      "rd_four_strokes": 76
    }
  },
  {
    "model": "golf_contest.golfer",
    "pk": 362,
    "fields": {
      "name": "Adam Scott",
      "tournament_position": "T39",
      "score_to_par": 5,
      "tournament": 2,
      "rd_one_tee_time": null,
      "rd_one_strokes": 68,
      "rd_two_tee_time": null,
      "rd_two_strokes": 74,
      "rd_three_tee_time": null,
      "rd_three_strokes": 77,
      "rd_four_tee_time": null,
      "rd_four_strokes": 74
    }
  },
  {
    "model": "golf_contest.golfer",
    "pk": 363,
    "fields": {
      "name": "Jason Day",
      "tournament_position": "T39",
      "score_to_par": 5,
      "tournament": 2,
      "rd_one_tee_time": null,
      "rd_one_strokes": 67,
      "rd_two_tee_time": null,
      "rd_two_strokes": 72,
      "rd_three_tee_time": null,
      "rd_three_strokes": 74,
      "rd_four_tee_time": null,
      "rd_four_strokes": 80
    }
  },
  {
    "model": "golf_contest.golfer",
    "pk": 364,
    "fields": {
      "name": "Max Homa",
      "tournament_position": "T43",
      "score_to_par": 6,
      "tournament": 2,
      "rd_one_tee_time": null,
      "rd_one_strokes": 71,
      "rd_two_tee_time": null,
      "rd_two_strokes": 73,
      "rd_three_tee_time": null,
      "rd_three_strokes": 72,
      "rd_four_tee_time": null,
      "rd_four_strokes": 78
    }
  },
  {
    "model": "golf_contest.golfer",
    "pk": 365,
    "fields": {
      "name": "Harris English",
      "tournament_position": "T43",
      "score_to_par": 6,
      "tournament": 2,
      "rd_one_tee_time": null,
      "rd_one_strokes": 71,
      "rd_two_tee_time": null,
      "rd_two_strokes": 71,
      "rd_three_tee_time": null,
      "rd_three_strokes": 77,
      "rd_four_tee_time": null,
      "rd_four_strokes": 75
    }
  },
  {
    "model": "golf_contest.golfer",
    "pk": 366,
    "fields": {
      "name": "Mito Pereira",
      "tournament_position": "T43",
      "score_to_par": 6,
      "tournament": 2,
      "rd_one_tee_time": null,
      "rd_one_strokes": 74,
      "rd_two_tee_time": null,
      "rd_two_strokes": 70,
      "rd_three_tee_time": null,
      "rd_three_strokes": 77,
      "rd_four_tee_time": null,
      "rd_four_strokes": 73
    }
  },
  {
    "model": "golf_contest.golfer",
    "pk": 367,
    "fields": {
      "name": "Sepp Straka",
      "tournament_position": "T46",
      "score_to_par": 7,
      "tournament": 2,
      "rd_one_tee_time": null,
      "rd_one_strokes": 70,
      "rd_two_tee_time": null,
      "rd_two_strokes": 73,
      "rd_three_tee_time": null,
      "rd_three_strokes": 74,
      "rd_four_tee_time": null,
      "rd_four_strokes": 78
    }
  },
  {
    "model": "golf_contest.golfer",
    "pk": 368,
    "fields": {
      "name": "Séamus Power",
      "tournament_position": "T46",
      "score_to_par": 7,
      "tournament": 2,
      "rd_one_tee_time": null,
      "rd_one_strokes": 73,
      "rd_two_tee_time": null,
      "rd_two_strokes": 72,
      "rd_three_tee_time": null,
      "rd_three_strokes": 73,
      "rd_four_tee_time": null,
      "rd_four_strokes": 77
    }
  },
  {
    "model": "golf_contest.golfer",
    "pk": 369,
    "fields": {
      "name": "Thomas Pieters",
      "tournament_position": "T48",
      "score_to_par": 8,
      "tournament": 2,
      "rd_one_tee_time": null,
      "rd_one_strokes": 74,
      "rd_two_tee_time": null,
      "rd_two_strokes": 73,
      "rd_three_tee_time": null,
      "rd_three_strokes": 72,
      "rd_four_tee_time": null,
      "rd_four_strokes": 77
    }
  },
  {
    "model": "golf_contest.golfer",
    "pk": 370,
    "fields": {
      "name": "Dustin Johnson",
      "tournament_position": "T48",
      "score_to_par": 8,
      "tournament": 2,
      "rd_one_tee_time": null,
      "rd_one_strokes": 71,
      "rd_two_tee_time": null,
      "rd_two_strokes": 72,
      "rd_three_tee_time": null,
      "rd_three_strokes": 78,
      "rd_four_tee_time": null,
      "rd_four_strokes": 75
    }
  },
  {
    "model": "golf_contest.golfer",
    "pk": 371,
    "fields": {
      "name": "Charl Schwartzel",
      "tournament_position": "T50",
      "score_to_par": 9,
      "tournament": 2,
      "rd_one_tee_time": null,
      "rd_one_strokes": 74,
      "rd_two_tee_time": null,
      "rd_two_strokes": 73,
      "rd_three_tee_time": null,
      "rd_three_strokes": 73,
      "rd_four_tee_time": null,
      "rd_four_strokes": 77
    }
  },
  {
    "model": "golf_contest.golfer",
    "pk": 372,
    "fields": {
      "name": "Fred Couples",
      "tournament_position": "T50",
      "score_to_par": 9,
      "tournament": 2,
      "rd_one_tee_time": null,
      "rd_one_strokes": 71,
      "rd_two_tee_time": null,
      "rd_two_strokes": 74,
      "rd_three_tee_time": null,
      "rd_three_strokes": 76,
      "rd_four_tee_time": null,
      "rd_four_strokes": 76
    }
  },
  {
    "model": "golf_contest.golfer",
    "pk": 373,
    "fields": {
      "name": "Billy Horschel",
      "tournament_position": "52",
      "score_to_par": 12,
      "tournament": 2,
      "rd_one_tee_time": null,
      "rd_one_strokes": 73,
      "rd_two_tee_time": null,
      "rd_two_strokes": 74,
      "rd_three_tee_time": null,
      "rd_three_strokes": 74,
      "rd_four_tee_time": null,
      "rd_four_strokes": 79
    }
  },
  {
    "model": "golf_contest.golfer",
    "pk": 374,
    "fields": {
      "name": "Keith Mitchell",
      "tournament_position": "53",
      "score_to_par": 14,
      "tournament": 2,
      "rd_one_tee_time": null,
      "rd_one_strokes": 75,
      "rd_two_tee_time": null,
      "rd_two_strokes": 71,
      "rd_three_tee_time": null,
      "rd_three_strokes": 77,
      "rd_four_tee_time": null,
      "rd_four_strokes": 79
    }
  },
  {
    "model": "golf_contest.golfer",
    "pk": 375,
    "fields": {
      "name": "Mike Weir",
      "tournament_position": "-",
      "score_to_par": null,
      "tournament": 2,
      "rd_one_tee_time": null,
      "rd_one_strokes": 72,
      "rd_two_tee_time": null,
      "rd_two_strokes": 76,
      "rd_three_tee_time": null,
      "rd_three_strokes": null,
      "rd_four_tee_time": null,
      "rd_four_strokes": null
    }
  },
  {
    "model": "golf_contest.golfer",
    "pk": 376,
    "fields": {
      "name": "Justin Thomas",
      "tournament_position": "-",
      "score_to_par": null,
      "tournament": 2,
      "rd_one_tee_time": null,
      "rd_one_strokes": 70,
      "rd_two_tee_time": null,
      "rd_two_strokes": 78,
      "rd_three_tee_time": null,
      "rd_three_strokes": null,
      "rd_four_tee_time": null,
      "rd_four_strokes": null
    }
  },
  {
    "model": "golf_contest.golfer",
    "pk": 377,
    "fields": {
      "name": "Francesco Molinari",
      "tournament_position": "-",
      "score_to_par": null,
      "tournament": 2,
      "rd_one_tee_time": null,
      "rd_one_strokes": 72,
      "rd_two_tee_time": null,
      "rd_two_strokes": 76,
      "rd_three_tee_time": null,
      "rd_three_strokes": null,
      "rd_four_tee_time": null,
      "rd_four_strokes": null
    }
  },
  {
    "model": "golf_contest.golfer",
    "pk": 378,
    "fields": {
      "name": "Bryson DeChambeau",
      "tournament_position": "-",
      "score_to_par": null,
      "tournament": 2,
      "rd_one_tee_time": null,
      "rd_one_strokes": 74,
      "rd_two_tee_time": null,
      "rd_two_strokes": 74,
      "rd_three_tee_time": null,
      "rd_three_strokes": null,
      "rd_four_tee_time": null,
      "rd_four_strokes": null
    }
  },
  {
    "model": "golf_contest.golfer",
    "pk": 379,
    "fields": {
      "name": "Tom Hoge",
      "tournament_position": "-",
      "score_to_par": null,
      "tournament": 2,
      "rd_one_tee_time": null,
      "rd_one_strokes": 74,
      "rd_two_tee_time": null,
      "rd_two_strokes": 74,
      "rd_three_tee_time": null,
      "rd_three_strokes": null,
      "rd_four_tee_time": null,
      "rd_four_strokes": null
    }
  },
  {
    "model": "golf_contest.golfer",
    "pk": 380,
    "fields": {
      "name": "Kevin Kisner",
      "tournament_position": "-",
      "score_to_par": null,
      "tournament": 2,
      "rd_one_tee_time": null,
      "rd_one_strokes": 72,
      "rd_two_tee_time": null,
      "rd_two_strokes": 77,
      "rd_three_tee_time": null,
      "rd_three_strokes": null,
      "rd_four_tee_time": null,
      "rd_four_strokes": null
    }
  },
  {
    "model": "golf_contest.golfer",
    "pk": 381,
    "fields": {
      "name": "Adrian Meronk",
      "tournament_position": "-",
      "score_to_par": null,
      "tournament": 2,
      "rd_one_tee_time": null,
      "rd_one_strokes": 73,
      "rd_two_tee_time": null,
      "rd_two_strokes": 76,
      "rd_three_tee_time": null,
      "rd_three_strokes": null,
      "rd_four_tee_time": null,
      "rd_four_strokes": null
    }
  },
  {
    "model": "golf_contest.golfer",
    "pk": 382,
    "fields": {
      "name": "Bernhard Langer",
      "tournament_position": "-",
      "score_to_par": null,
      "tournament": 2,
      "rd_one_tee_time": null,
      "rd_one_strokes": 75,
      "rd_two_tee_time": null,
      "rd_two_strokes": 74,
      "rd_three_tee_time": null,
      "rd_three_strokes": null,
      "rd_four_tee_time": null,
      "rd_four_strokes": null
    }
  },
  {
    "model": "golf_contest.golfer",
    "pk": 383,
    "fields": {
      "name": "Ben Carr (a)",
      "tournament_position": "-",
      "score_to_par": null,
      "tournament": 2,
      "rd_one_tee_time": null,
      "rd_one_strokes": 75,
      "rd_two_tee_time": null,
      "rd_two_strokes": 74,
      "rd_three_tee_time": null,
      "rd_three_strokes": null,
      "rd_four_tee_time": null,
      "rd_four_strokes": null
    }
  },
  {
    "model": "golf_contest.golfer",
    "pk": 384,
    "fields": {
      "name": "Rory McIlroy",
      "tournament_position": "-",
      "score_to_par": null,
      "tournament": 2,
      "rd_one_tee_time": null,
      "rd_one_strokes": 72,
      "rd_two_tee_time": null,
      "rd_two_strokes": 77,
      "rd_three_tee_time": null,
      "rd_three_strokes": null,
      "rd_four_tee_time": null,
      "rd_four_strokes": null
    }
  },
  {
    "model": "golf_contest.golfer",
    "pk": 385,
    "fields": {
      "name": "Vijay Singh",
      "tournament_position": "-",
      "score_to_par": null,
      "tournament": 2,
      "rd_one_tee_time": null,
      "rd_one_strokes": 75,
      "rd_two_tee_time": null,
      "rd_two_strokes": 75,
      "rd_three_tee_time": null,
      "rd_three_strokes": null,
      "rd_four_tee_time": null,
      "rd_four_strokes": null
    }
  },
  {
    "model": "golf_contest.golfer",
    "pk": 386,
    "fields": {
      "name": "Min Woo Lee",
      "tournament_position": "-",
      "score_to_par": null,
      "tournament": 2,
      "rd_one_tee_time": null,
      "rd_one_strokes": 75,
      "rd_two_tee_time": null,
      "rd_two_strokes": 75,
      "rd_three_tee_time": null,
      "rd_three_strokes": null,
      "rd_four_tee_time": null,
      "rd_four_strokes": null
    }
  },
  {
    "model": "golf_contest.golfer",
    "pk": 387,
    "fields": {
      "name": "Kazuki Higa",
      "tournament_position": "-",
      "score_to_par": null,
      "tournament": 2,
      "rd_one_tee_time": null,
      "rd_one_strokes": 76,
      "rd_two_tee_time": null,
      "rd_two_strokes": 74,
      "rd_three_tee_time": null,
      "rd_three_strokes": null,
      "rd_four_tee_time": null,
      "rd_four_strokes": null
    }
  },
  {
    "model": "golf_contest.golfer",
    "pk": 388,
    "fields": {
      "name": "Cameron Champ",
      "tournament_position": "-",
      "score_to_par": null,
      "tournament": 2,
      "rd_one_tee_time": null,
      "rd_one_strokes": 76,
      "rd_two_tee_time": null,
      "rd_two_strokes": 74,
      "rd_three_tee_time": null,
      "rd_three_strokes": null,
      "rd_four_tee_time": null,
      "rd_four_strokes": null
    }
  },
  {
    "model": "golf_contest.golfer",
    "pk": 389,
    "fields": {
      "name": "Danny Willett",
      "tournament_position": "-",
      "score_to_par": null,
      "tournament": 2,
      "rd_one_tee_time": null,
      "rd_one_strokes": 75,
      "rd_two_tee_time": null,
      "rd_two_strokes": 75,
      "rd_three_tee_time": null,
      "rd_three_strokes": null,
      "rd_four_tee_time": null,
      "rd_four_strokes": null
    }
  },
  {
    "model": "golf_contest.golfer",
    "pk": 390,
    "fields": {
      "name": "Matthew McClean (a)",
      "tournament_position": "-",
      "score_to_par": null,
      "tournament": 2,
      "rd_one_tee_time": null,
      "rd_one_strokes": 77,
      "rd_two_tee_time": null,
      "rd_two_strokes": 74,
      "rd_three_tee_time": null,
      "rd_three_strokes": null,
      "rd_four_tee_time": null,
      "rd_four_strokes": null
    }
  },
  {
    "model": "golf_contest.golfer",
    "pk": 391,
    "fields": {
      "name": "Sergio Garcia",
      "tournament_position": "-",
      "score_to_par": null,
      "tournament": 2,
      "rd_one_tee_time": null,
      "rd_one_strokes": 74,
      "rd_two_tee_time": null,
      "rd_two_strokes": 77,
      "rd_three_tee_time": null,
      "rd_three_strokes": null,
      "rd_four_tee_time": null,
      "rd_four_strokes": null
    }
  },
  {
    "model": "golf_contest.golfer",
    "pk": 392,
    "fields": {
      "name": "Mateo Fernandez de Oliveira (a)",
      "tournament_position": "-",
      "score_to_par": null,
      "tournament": 2,
      "rd_one_tee_time": null,
      "rd_one_strokes": 76,
      "rd_two_tee_time": null,
      "rd_two_strokes": 75,
      "rd_three_tee_time": null,
      "rd_three_strokes": null,
      "rd_four_tee_time": null,
      "rd_four_strokes": null
    }
  },
  {
    "model": "golf_contest.golfer",
    "pk": 393,
    "fields": {
      "name": "Aldrich Potgieter (a)",
      "tournament_position": "-",
      "score_to_par": null,
      "tournament": 2,
      "rd_one_tee_time": null,
      "rd_one_strokes": 77,
      "rd_two_tee_time": null,
      "rd_two_strokes": 74,
      "rd_three_tee_time": null,
      "rd_three_strokes": null,
      "rd_four_tee_time": null,
      "rd_four_strokes": null
    }
  },
  {
    "model": "golf_contest.golfer",
    "pk": 394,
    "fields": {
      "name": "Brian Harman",
      "tournament_position": "-",
      "score_to_par": null,
      "tournament": 2,
      "rd_one_tee_time": null,
      "rd_one_strokes": 77,
      "rd_two_tee_time": null,
      "rd_two_strokes": 74,
      "rd_three_tee_time": null,
      "rd_three_strokes": null,
      "rd_four_tee_time": null,
      "rd_four_strokes": null
    }
  },
  {
    "model": "golf_contest.golfer",
    "pk": 395,
    "fields": {
      "name": "Jason Kokrak",
      "tournament_position": "-",
      "score_to_par": null,
      "tournament": 2,
      "rd_one_tee_time": null,
      "rd_one_strokes": 73,
      "rd_two_tee_time": null,
      "rd_two_strokes": 79,
      "rd_three_tee_time": null,
      "rd_three_strokes": null,
      "rd_four_tee_time": null,
      "rd_four_strokes": null
    }
  },
  {
    "model": "golf_contest.golfer",
    "pk": 396,
    "fields": {
      "name": "Harrison Crowe (a)",
      "tournament_position": "-",
      "score_to_par": null,
      "tournament": 2,
      "rd_one_tee_time": null,
      "rd_one_strokes": 75,
      "rd_two_tee_time": null,
      "rd_two_strokes": 77,
      "rd_three_tee_time": null,
      "rd_three_strokes": null,
      "rd_four_tee_time": null,
      "rd_four_strokes": null
    }
  },
  {
    "model": "golf_contest.golfer",
    "pk": 397,
    "fields": {
      "name": "Kurt Kitayama",
      "tournament_position": "-",
      "score_to_par": null,
      "tournament": 2,
      "rd_one_tee_time": null,
      "rd_one_strokes": 75,
      "rd_two_tee_time": null,
      "rd_two_strokes": 77,
      "rd_three_tee_time": null,
      "rd_three_strokes": null,
      "rd_four_tee_time": null,
      "rd_four_strokes": null
    }
  },
  {
    "model": "golf_contest.golfer",
    "pk": 398,
    "fields": {
      "name": "Corey Conners",
      "tournament_position": "-",
      "score_to_par": null,
      "tournament": 2,
      "rd_one_tee_time": null,
      "rd_one_strokes": 73,
      "rd_two_tee_time": null,
      "rd_two_strokes": 79,
      "rd_three_tee_time": null,
      "rd_three_strokes": null,
      "rd_four_tee_time": null,
      "rd_four_strokes": null
    }
  },
  {
    "model": "golf_contest.golfer",
    "pk": 399,
    "fields": {
      "name": "Alex Noren",
      "tournament_position": "-",
      "score_to_par": null,
      "tournament": 2,
      "rd_one_tee_time": null,
      "rd_one_strokes": 78,
      "rd_two_tee_time": null,
      "rd_two_strokes": 75,
      "rd_three_tee_time": null,
      "rd_three_strokes": null,
      "rd_four_tee_time": null,
      "rd_four_strokes": null
    }
  },
  {
    "model": "golf_contest.golfer",
    "pk": 400,
    "fields": {
      "name": "Bubba Watson",
      "tournament_position": "-",
      "score_to_par": null,
      "tournament": 2,
      "rd_one_tee_time": null,
      "rd_one_strokes": 77,
      "rd_two_tee_time": null,
      "rd_two_strokes": 76,
      "rd_three_tee_time": null,
      "rd_three_strokes": null,
      "rd_four_tee_time": null,
      "rd_four_strokes": null
    }
  },
  {
    "model": "golf_contest.golfer",
    "pk": 401,
    "fields": {
      "name": "Gordon Sargent (a)",
      "tournament_position": "-",
      "score_to_par": null,
      "tournament": 2,
      "rd_one_tee_time": null,
      "rd_one_strokes": 77,
      "rd_two_tee_time": null,
      "rd_two_strokes": 76,
      "rd_three_tee_time": null,
      "rd_three_strokes": null,
      "rd_four_tee_time": null,
      "rd_four_strokes": null
    }
  },
  {
    "model": "golf_contest.golfer",
    "pk": 402,
    "fields": {
      "name": "José María Olazábal",
      "tournament_position": "-",
      "score_to_par": null,
      "tournament": 2,
      "rd_one_tee_time": null,
      "rd_one_strokes": 77,
      "rd_two_tee_time": null,
      "rd_two_strokes": 77,
      "rd_three_tee_time": null,
      "rd_three_strokes": null,
      "rd_four_tee_time": null,
      "rd_four_strokes": null
    }
  },
  {
    "model": "golf_contest.golfer",
    "pk": 403,
    "fields": {
      "name": "Adam Svensson",
      "tournament_position": "-",
      "score_to_par": null,
      "tournament": 2,
      "rd_one_tee_time": null,
      "rd_one_strokes": 75,
      "rd_two_tee_time": null,
      "rd_two_strokes": 80,
      "rd_three_tee_time": null,
      "rd_three_strokes": null,
      "rd_four_tee_time": null,
      "rd_four_strokes": null
    }
  },
  {
    "model": "golf_contest.golfer",
    "pk": 404,
    "fields": {
      "name": "Larry Mize",
      "tournament_position": "-",
      "score_to_par": null,
      "tournament": 2,
      "rd_one_tee_time": null,
      "rd_one_strokes": 79,
      "rd_two_tee_time": null,
      "rd_two_strokes": 80,
      "rd_three_tee_time": null,
      "rd_three_strokes": null,
      "rd_four_tee_time": null,
      "rd_four_strokes": null
    }
  },
  {
    "model": "golf_contest.golfer",
    "pk": 405,
    "fields": {
      "name": "Sandy Lyle",
      "tournament_position": "-",
      "score_to_par": null,
      "tournament": 2,
      "rd_one_tee_time": null,
      "rd_one_strokes": 81,
      "rd_two_tee_time": null,
      "rd_two_strokes": 83,
      "rd_three_tee_time": null,
      "rd_three_strokes": null,
      "rd_four_tee_time": null,
      "rd_four_strokes": null
    }
  },
  {
    "model": "golf_contest.golfer",
    "pk": 406,
    "fields": {
      "name": "Kevin Na",
      "tournament_position": "-",
      "score_to_par": null,
      "tournament": 2,
      "rd_one_tee_time": null,
      "rd_one_strokes": null,
      "rd_two_tee_time": null,
      "rd_two_strokes": null,
      "rd_three_tee_time": null,
      "rd_three_strokes": null,
      "rd_four_tee_time": null,
      "rd_four_strokes": null
    }
  },
  {
    "model": "golf_contest.golfer",
    "pk": 407,
    "fields": {
      "name": "Louis Oosthuizen",
      "tournament_position": "-",
      "score_to_par": null,
      "tournament": 2,
      "rd_one_tee_time": null,
      "rd_one_strokes": 76,
      "rd_two_tee_time": null,
      "rd_two_strokes": null,
      "rd_three_tee_time": null,
      "rd_three_strokes": null,
      "rd_four_tee_time": null,
      "rd_four_strokes": null
    }
  },
  {
    "model": "golf_contest.golfer",
    "pk": 408,
    "fields": {
      "name": "Tiger Woods",
      "tournament_position": "-",
      "score_to_par": null,
      "tournament": 2,
      "rd_one_tee_time": null,
      "rd_one_strokes": 74,
      "rd_two_tee_time": null,
      "rd_two_strokes": 73,
      "rd_three_tee_time": null,
      "rd_three_strokes": null,
      "rd_four_tee_time": null,
      "rd_four_strokes": null
    }
  },
  {
    "model": "golf_contest.golfer",
    "pk": 409,
    "fields": {
      "name": "Will Zalatoris",
      "tournament_position": "-",
      "score_to_par": null,
      "tournament": 2,
      "rd_one_tee_time": null,
      "rd_one_strokes": null,
      "rd_two_tee_time": null,
      "rd_two_strokes": null,
      "rd_three_tee_time": null,
      "rd_three_strokes": null,
      "rd_four_tee_time": null,
      "rd_four_strokes": null
    }
  },
  {
    "model": "golf_contest.tournament",
    "pk": 1,
    "fields": {
      "name": "Masters",
      "start_date": "1997-04-10",
      "state": "FNL",
      "world_ranking_week": 0
    }
  },
  {
    "model": "golf_contest.tournament",
    "pk": 2,
    "fields": {
      "name": "Masters",
      "start_date": "2023-04-06",
      "state": "FNL",
      "world_ranking_week": 11
    }
  },
  {
    "model": "golf_contest.tournament",
    "pk": 3,
    "fields": {
      "name": "PGA Championship",
      "start_date": "2020-08-06",
      "state": "FNL",
      "world_ranking_week": 0
    }
  },
  {
    "model": "users.user",
    "pk": 1,
    "fields": {
      "password": "argon2$argon2id$v=19$m=102400,t=2,p=8$cGRFemlTVDR0U2UwbXc4TUxzeDJtVQ$W6q79AAaCNv09PV9T2fvwZE6lJF3wfuyduwaOQ7xm2o",
      "last_login": null,
      "is_superuser": false,
      "is_staff": false,
      "is_active": true,
      "date_joined": "2023-04-30T02:03:18.400Z",
      "name": "",
      "email": "user1@test.com",
      "groups": [],
      "user_permissions": []
    }
  },
  {
    "model": "users.user",
    "pk": 2,
    "fields": {
      "password": "argon2$argon2id$v=19$m=102400,t=2,p=8$U1NMeW5CZkRNV0x2THFaSkV4bXQweg$demZ2C4r4jRDKtGv44G64ocH/NfghKbH7/fLe+dZHC8",
      "last_login": null,
      "is_superuser": false,
      "is_staff": false,
      "is_active": true,
      "date_joined": "2023-04-30T02:03:32.888Z",
      "name": "",
      "email": "user2@test.com",
      "groups": [],
      "user_permissions": []
    }
  },
  {
    "model": "users.user",
    "pk": 3,
    "fields": {
      "password": "argon2$argon2id$v=19$m=102400,t=2,p=8$U1NMeW5CZkRNV0x2THFaSkV4bXQweg$demZ2C4r4jRDKtGv44G64ocH/NfghKbH7/fLe+dZHC8",
      "last_login": null,
      "is_superuser": false,
      "is_staff": false,
      "is_active": true,
      "date_joined": "2023-04-30T02:03:32.888Z",
      "name": "",
      "email": "user3@test.com",
      "groups": [],
      "user_permissions": []
    }
  }
]
